{
  "accrual_periodicity": "annually",
  "additional_limitations": "",
  "citation": "Office of Statewide Health Planning and Development (OSHPD) Patient Discharge Data, 2009-2014 ",
  "contact_email": "dataandreports@oshpd.ca.gov ",
  "data_collection_tool": "https://oshpd.ca.gov/data-and-reports/submit-data/patient-data/",
  "data_license": "Terms of Use",
  "de_identification_method": "",
  "description": "This dataset contains the distribution of inpatient discharges by principal diagnosis group for each California hospital for years 2009 to current available data year.",
  "geo_coverage": "Statewide",
  "geographic_granularity": "county",
  "keywords": [
    "average length of stay",
    "inpatient discharges",
    "office of statewide health planning and development",
    "oshpd",
    "patient discharge data"
  ],
  "limitations": "Limitations",
  "name": "patient-discharge-data-by-principal-diagnosis",
  "program_web_page": "http://oshpd.ca.gov/",
  "related_resources": "",
  "resources": [
    {
      "description": "This dataset contains the distribution of inpatient discharges by principal diagnosis group for each California hospital for years 2009 to current available data year.",
      "format": "CSV",
      "name": "patient-discharge-data-by-principal-diagnosis-csv",
      "path": "patient-discharge-data-by-principal-diagnosis-.csv",
      "schema": {
        "fields": [
          {
            "description": "The calendar year of inpatient discharge data.",
            "name": "Year",
            "title": "Year",
            "type": "string"
          },
          {
            "description": "A unique six-digit identifier assigned to each facility by the Office of Statewide Health Planning and Development. The first two digits indicate the county in which the facility is located. The last four digits are unique within each county.   Note: Hospitals consolidated under a single license may report combined data under one OSHPD ID.",
            "name": "OSHPD ID",
            "title": "OSHPD ID",
            "type": "string"
          },
          {
            "description": "The hospital name.",
            "name": "Facility Name",
            "title": "Facility Name",
            "type": "string"
          },
          {
            "description": "The type of ownership and/or legal organization of a hospital licensee.",
            "name": "Type of Control",
            "title": "Type of Control",
            "type": "string"
          },
          {
            "description": "The county where the hospital is located.",
            "name": "County Name",
            "title": "County Name",
            "type": "string"
          },
          {
            "description": "Groupings of records based on the reported Principal Diagnosis (ICD-9-CM) code. \nInfections (001-139), Neoplasms (140-239), Endocrine/Metabolism (240-279), Blood/Blood-forming Organs (280-289), Psychoses & Neurosis (290-319), Nervous & Sensory Systems (320-389), Circulatory (390-459), Respiratory (460-519), Digestive (520-579), Genitourinary (580-629), All Pregnancies (630-679), Skin (680-709), Musculoskeletal (710-739), Congenital Anomalies (Birth Defects) (740-759), Perinatal Disorders (760-779), Symptoms (780-799), Injuries/Drugs/Complications (800-999), Other Reasons (V01-V29, V40-V89), Births (V30-V39).",
            "name": "Principal Diagnosis Group",
            "title": "Principal Diagnosis Group",
            "type": "string"
          },
          {
            "name": "Count",
            "title": "Count",
            "type": "number"
          }
        ]
      },
      "sources": [
        {
          "path": "https://data.chhs.ca.gov/dataset/b07b213a-f612-4ed0-be77-d2016aa17a37/resource/ec41ca97-47b3-458a-afbd-1ba1426ef36f/download/patient-discharge-data-by-principal-diagnosis.csv",
          "title": "Patient Discharge Data By Principal Diagnosis (CSV)"
        }
      ],
      "title": "Patient Discharge Data By Principal Diagnosis (CSV)"
    },
    {
      "description": "This dataset contains the distribution of inpatient discharges by principal diagnosis group for each California hospital for years 2009 to current available data year.",
      "format": "DOCX",
      "name": "data-dictionary-pdd-pivot-2009-2014",
      "path": "data-dictionary-pdd-pivot-2009-2014.docx",
      "sources": [
        {
          "path": "https://data.chhs.ca.gov/dataset/b07b213a-f612-4ed0-be77-d2016aa17a37/resource/7e0f326a-25df-437e-bab5-ecfddf49f2d3/download/datadictionarypddpivot2009-2014.docx",
          "title": "data-dictionary-pdd-pivot-2009-2014"
        }
      ],
      "title": "data-dictionary-pdd-pivot-2009-2014"
    },
    {
      "format": "chart",
      "name": "patient-discharge-data-by-principal-diagnosis-group",
      "path": "https://tab.oshpd.ca.gov/t/OSHPD_PUBLIC/views/CHHS_PDDbyPrincipalDiagnosisGroup2009-2014/Dashboard1?iframeSizedToWindow=true&:embed=y&:showAppBanner=false&:display_count=no&:showVizHome=no",
      "title": "Patient Discharge Data by Principal Diagnosis Group"
    }
  ],
  "secondary_sources": "",
  "sources": [
    {
      "name": "Office of Statewide Health Planning and Development, Healthcare Analytics Branch"
    }
  ],
  "temporal_coverage": "2009-2014",
  "title": "Patient Discharge Data By Principal Diagnosis"
}